{"83.6":{"maxcombo":150,"statistics":{"count_100":43,"count_300":298,"count_50":14,"count_geki":406,"count_katu":138,"count_miss":72},"user_id":32969064,"score_id":531048312,"rank":"B","pp":6.73363},"93.3":{"maxcombo":450,"statistics":{"count_100":19,"count_300":337,"count_50":10,"count_geki":511,"count_katu":75,"count_miss":19},"user_id":29810348,"score_id":494879220,"rank":"A","pp":67.3443},"92.2":{"maxcombo":307,"statistics":{"count_100":24,"count_300":363,"count_50":4,"count_geki":455,"count_katu":104,"count_miss":21},"user_id":20615168,"score_id":480778129,"rank":"A","pp":59.0481},"81.1":{"maxcombo":180,"statistics":{"count_100":64,"count_300":324,"count_50":20,"count_geki":329,"count_katu":165,"count_miss":69},"user_id":31742384,"score_id":518904778,"rank":"B","pp":0},"96.9":{"maxcombo":518,"statistics":{"count_100":9,"count_300":367,"count_50":4,"count_geki":539,"count_katu":47,"count_miss":5},"user_id":33405544,"score_id":540744572,"rank":"S","pp":89.6152},"83.8":{"maxcombo":186,"statistics":{"count_100":34,"count_300":379,"count_50":7,"count_geki":250,"count_katu":259,"count_miss":42},"user_id":31995823,"score_id":536512418,"rank":"B","pp":1.35718}}