{"89.5":{"maxcombo":788,"statistics":{"count_100":46,"count_300":370,"count_50":2,"count_geki":313,"count_katu":176,"count_miss":4},"user_id":25622919,"score_id":504852472,"rank":"B","pp":6.03634},"86.5":{"maxcombo":140,"statistics":{"count_100":31,"count_300":326,"count_50":15,"count_geki":358,"count_katu":137,"count_miss":44},"user_id":14124196,"score_id":501884777,"rank":"B","pp":3.51611},"87.3":{"maxcombo":182,"statistics":{"count_100":50,"count_300":372,"count_50":8,"count_geki":294,"count_katu":167,"count_miss":20},"user_id":19108455,"score_id":503312943,"rank":"B","pp":3.81043},"92.4":{"maxcombo":239,"statistics":{"count_100":21,"count_300":352,"count_50":4,"count_geki":432,"count_katu":76,"count_miss":26},"user_id":16472247,"score_id":498368491,"rank":"A","pp":9.51389}}