{"92.7":{"maxcombo":423,"statistics":{"count_100":10,"count_300":122,"count_50":1,"count_geki":147,"count_katu":46,"count_miss":1},"user_id":15165062,"score_id":429473152,"rank":"A","pp":7.56236},"86.7":{"maxcombo":102,"statistics":{"count_100":12,"count_300":129,"count_50":3,"count_geki":111,"count_katu":59,"count_miss":13},"user_id":11989305,"score_id":285263192,"rank":"B","pp":2.71794}}