{"88.1":{"maxcombo":249,"statistics":{"count_100":12,"count_300":167,"count_50":3,"count_geki":120,"count_katu":40,"count_miss":19},"user_id":25826974,"score_id":533762507,"rank":"B","pp":3.38733},"94.2":{"maxcombo":299,"statistics":{"count_100":1,"count_300":145,"count_50":2,"count_geki":166,"count_katu":43,"count_miss":4},"user_id":24278908,"score_id":445130155,"rank":"A","pp":8.10615}}