{"95":{"maxcombo":346,"statistics":{"count_100":14,"count_300":474,"count_50":6,"count_geki":508,"count_katu":81,"count_miss":13},"user_id":8932761,"score_id":224295286,"rank":"S","pp":18.9542},"88.3":{"maxcombo":364,"statistics":{"count_100":54,"count_300":418,"count_50":5,"count_geki":407,"count_katu":187,"count_miss":25},"user_id":30888446,"score_id":543001385,"rank":"B","pp":8.15837},"95.2":{"maxcombo":744,"statistics":{"count_100":16,"count_300":491,"count_50":0,"count_geki":469,"count_katu":118,"count_miss":2},"user_id":15694579,"score_id":463079656,"rank":"S","pp":18.9182},"86.8":{"maxcombo":197,"statistics":{"count_100":55,"count_300":417,"count_50":9,"count_geki":399,"count_katu":174,"count_miss":42},"user_id":26860268,"score_id":457255465,"rank":"B","pp":5.83435},"99.7":{"maxcombo":1455,"statistics":{"count_100":0,"count_300":273,"count_50":0,"count_geki":816,"count_katu":7,"count_miss":0},"user_id":25061359,"score_id":528489730,"rank":"S","pp":28.7547},"87.2":{"maxcombo":260,"statistics":{"count_100":41,"count_300":479,"count_50":10,"count_geki":293,"count_katu":253,"count_miss":20},"user_id":29663202,"score_id":530063710,"rank":"B","pp":5.44252},"97.5":{"maxcombo":735,"statistics":{"count_100":5,"count_300":375,"count_50":2,"count_geki":652,"count_katu":61,"count_miss":1},"user_id":13407851,"score_id":356095473,"rank":"S","pp":24.0346},"98.9":{"maxcombo":1461,"statistics":{"count_100":1,"count_300":383,"count_50":0,"count_geki":679,"count_katu":33,"count_miss":0},"user_id":27226370,"score_id":516707253,"rank":"S","pp":26.2596},"96.9":{"maxcombo":1460,"statistics":{"count_100":7,"count_300":483,"count_50":1,"count_geki":522,"count_katu":83,"count_miss":0},"user_id":23299614,"score_id":454947346,"rank":"S","pp":21.9403},"92.1":{"maxcombo":219,"statistics":{"count_100":19,"count_300":404,"count_50":5,"count_geki":539,"count_katu":89,"count_miss":40},"user_id":18896667,"score_id":393730286,"rank":"A","pp":14.8872},"98.4":{"maxcombo":894,"statistics":{"count_100":4,"count_300":388,"count_50":0,"count_geki":663,"count_katu":40,"count_miss":1},"user_id":31827167,"score_id":524196519,"rank":"S","pp":25.3948},"89.8":{"maxcombo":347,"statistics":{"count_100":35,"count_300":450,"count_50":7,"count_geki":394,"count_katu":192,"count_miss":18},"user_id":32268169,"score_id":531108993,"rank":"B","pp":10.2482},"90.1":{"maxcombo":211,"statistics":{"count_100":35,"count_300":420,"count_50":7,"count_geki":440,"count_katu":173,"count_miss":21},"user_id":24196666,"score_id":453292187,"rank":"A","pp":11.1129}}