{"84.3":{"maxcombo":131,"statistics":{"count_100":28,"count_300":179,"count_50":9,"count_geki":167,"count_katu":105,"count_miss":18},"user_id":26727699,"score_id":527256354,"rank":"B","pp":0.616839},"93.3":{"maxcombo":167,"statistics":{"count_100":17,"count_300":160,"count_50":1,"count_geki":278,"count_katu":43,"count_miss":7},"user_id":21824825,"score_id":496849238,"rank":"A","pp":5.91353},"99.8":{"maxcombo":734,"statistics":{"count_100":0,"count_300":206,"count_50":0,"count_geki":297,"count_katu":3,"count_miss":0},"user_id":29586833,"score_id":486905266,"rank":"S","pp":9.28385},"87.3":{"maxcombo":177,"statistics":{"count_100":22,"count_300":193,"count_50":4,"count_geki":175,"count_katu":99,"count_miss":13},"user_id":29989914,"score_id":503911389,"rank":"B","pp":2.18389}}