{"87":{"maxcombo":355,"statistics":{"count_100":76,"count_300":399,"count_50":12,"count_geki":395,"count_katu":124,"count_miss":33},"user_id":16403693,"score_id":344664382,"rank":"B","pp":3.31119},"100":{"maxcombo":1962,"statistics":{"count_100":0,"count_300":125,"count_50":0,"count_geki":914,"count_katu":0,"count_miss":0},"user_id":19804607,"score_id":491149688,"rank":"X","pp":16.156},"99.7":{"maxcombo":1861,"statistics":{"count_100":0,"count_300":264,"count_50":0,"count_geki":769,"count_katu":5,"count_miss":1},"user_id":28894685,"score_id":535273379,"rank":"S","pp":15.222},"91.2":{"maxcombo":951,"statistics":{"count_100":37,"count_300":446,"count_50":6,"count_geki":376,"count_katu":169,"count_miss":5},"user_id":18402954,"score_id":388123215,"rank":"A","pp":6.54764},"96.2":{"maxcombo":656,"statistics":{"count_100":5,"count_300":456,"count_50":3,"count_geki":493,"count_katu":73,"count_miss":9},"user_id":13813394,"score_id":416962893,"rank":"S","pp":11.064},"92.3":{"maxcombo":440,"statistics":{"count_100":21,"count_300":444,"count_50":12,"count_geki":442,"count_katu":97,"count_miss":23},"user_id":18896667,"score_id":393619536,"rank":"A","pp":7.76447},"96.9":{"maxcombo":1975,"statistics":{"count_100":5,"count_300":507,"count_50":1,"count_geki":442,"count_katu":84,"count_miss":0},"user_id":21953639,"score_id":496447334,"rank":"S","pp":11.3367},"92.8":{"maxcombo":546,"statistics":{"count_100":28,"count_300":384,"count_50":4,"count_geki":483,"count_katu":131,"count_miss":9},"user_id":29846350,"score_id":541902005,"rank":"A","pp":8.32492}}