{"87":{"maxcombo":208,"statistics":{"count_100":24,"count_300":189,"count_50":5,"count_geki":181,"count_katu":96,"count_miss":14},"user_id":13038574,"score_id":358636006,"rank":"B","pp":3.69139},"90.7":{"maxcombo":680,"statistics":{"count_100":20,"count_300":214,"count_50":1,"count_geki":177,"count_katu":96,"count_miss":1},"user_id":18402954,"score_id":389864178,"rank":"A","pp":7.0559},"85.8":{"maxcombo":206,"statistics":{"count_100":31,"count_300":189,"count_50":6,"count_geki":182,"count_katu":82,"count_miss":19},"user_id":30210425,"score_id":497328425,"rank":"B","pp":2.65569}}