{"92":{"maxcombo":323,"statistics":{"count_100":26,"count_300":487,"count_50":3,"count_geki":425,"count_katu":180,"count_miss":10},"user_id":33018838,"score_id":530359313,"rank":"A","pp":13.5386},"99.9":{"maxcombo":1751,"statistics":{"count_100":0,"count_300":312,"count_50":0,"count_geki":818,"count_katu":1,"count_miss":0},"user_id":32551268,"score_id":531168021,"rank":"S","pp":28.5455},"88.6":{"maxcombo":592,"statistics":{"count_100":65,"count_300":437,"count_50":9,"count_geki":413,"count_katu":195,"count_miss":12},"user_id":29491215,"score_id":505070954,"rank":"B","pp":8.50607},"87.6":{"maxcombo":194,"statistics":{"count_100":49,"count_300":482,"count_50":15,"count_geki":377,"count_katu":170,"count_miss":38},"user_id":28151012,"score_id":541236427,"rank":"B","pp":6.63831},"95.3":{"maxcombo":596,"statistics":{"count_100":13,"count_300":445,"count_50":5,"count_geki":579,"count_katu":74,"count_miss":15},"user_id":28352014,"score_id":541902173,"rank":"S","pp":19.7126}}