{"91.6":{"maxcombo":594,"statistics":{"count_100":12,"count_300":189,"count_50":5,"count_geki":134,"count_katu":50,"count_miss":4},"user_id":16004803,"score_id":497636100,"rank":"A","pp":3.09986},"93.8":{"maxcombo":1121,"statistics":{"count_100":10,"count_300":181,"count_50":1,"count_geki":154,"count_katu":47,"count_miss":1},"user_id":20532853,"score_id":413603421,"rank":"A","pp":4.01463}}