{"89.8":{"maxcombo":232,"statistics":{"count_100":10,"count_300":251,"count_50":8,"count_geki":195,"count_katu":71,"count_miss":19},"user_id":24458788,"score_id":482733157,"rank":"B","pp":7.94255},"92.2":{"maxcombo":1271,"statistics":{"count_100":14,"count_300":308,"count_50":3,"count_geki":136,"count_katu":93,"count_miss":0},"user_id":30356088,"score_id":501305864,"rank":"A","pp":9.85967}}