{"99.6":{"maxcombo":1271,"statistics":{"count_100":1,"count_300":203,"count_50":0,"count_geki":339,"count_katu":4,"count_miss":0},"user_id":26857278,"score_id":522550219,"rank":"S","pp":25.944},"90.3":{"maxcombo":482,"statistics":{"count_100":16,"count_300":256,"count_50":2,"count_geki":157,"count_katu":113,"count_miss":3},"user_id":25181620,"score_id":468224368,"rank":"A","pp":9.69897},"92.5":{"maxcombo":391,"statistics":{"count_100":4,"count_300":246,"count_50":3,"count_geki":197,"count_katu":92,"count_miss":5},"user_id":21857785,"score_id":455658119,"rank":"A","pp":13.5158},"87.8":{"maxcombo":477,"statistics":{"count_100":30,"count_300":236,"count_50":2,"count_geki":150,"count_katu":126,"count_miss":3},"user_id":30932631,"score_id":505273465,"rank":"B","pp":6.06229}}