{"76":{"maxcombo":210,"statistics":{"count_100":108,"count_300":287,"count_50":20,"count_geki":167,"count_katu":219,"count_miss":40},"user_id":25134102,"score_id":437369193,"rank":"C","pp":0},"95":{"maxcombo":1636,"statistics":{"count_100":9,"count_300":487,"count_50":0,"count_geki":239,"count_katu":106,"count_miss":0},"user_id":31219637,"score_id":523547566,"rank":"S","pp":14.678},"84.5":{"maxcombo":383,"statistics":{"count_100":50,"count_300":376,"count_50":28,"count_geki":199,"count_katu":172,"count_miss":16},"user_id":30922942,"score_id":519578462,"rank":"B","pp":0.991059},"89.3":{"maxcombo":541,"statistics":{"count_100":39,"count_300":397,"count_50":8,"count_geki":233,"count_katu":161,"count_miss":3},"user_id":27854795,"score_id":467877158,"rank":"B","pp":7.42494},"99.4":{"maxcombo":1644,"statistics":{"count_100":0,"count_300":363,"count_50":0,"count_geki":464,"count_katu":14,"count_miss":0},"user_id":27070088,"score_id":469704865,"rank":"S","pp":22.4207},"52.1":{"maxcombo":92,"statistics":{"count_100":137,"count_300":163,"count_50":70,"count_geki":91,"count_katu":191,"count_miss":189},"user_id":27796997,"score_id":467528690,"rank":"D","pp":0},"89.6":{"maxcombo":539,"statistics":{"count_100":37,"count_300":384,"count_50":4,"count_geki":256,"count_katu":152,"count_miss":8},"user_id":28120485,"score_id":470587353,"rank":"B","pp":8.05433},"98.9":{"maxcombo":1033,"statistics":{"count_100":1,"count_300":315,"count_50":0,"count_geki":503,"count_katu":21,"count_miss":1},"user_id":21857785,"score_id":457057216,"rank":"S","pp":22.2109},"99.2":{"maxcombo":1573,"statistics":{"count_100":1,"count_300":328,"count_50":0,"count_geki":496,"count_katu":16,"count_miss":0},"user_id":23708451,"score_id":509626958,"rank":"S","pp":22.5406},"97.6":{"maxcombo":1424,"statistics":{"count_100":1,"count_300":278,"count_50":1,"count_geki":507,"count_katu":54,"count_miss":0},"user_id":25105589,"score_id":524183902,"rank":"S","pp":20.6274}}