{"86":{"maxcombo":334,"statistics":{"count_100":48,"count_300":320,"count_50":15,"count_geki":226,"count_katu":133,"count_miss":17},"user_id":28120485,"score_id":470588460,"rank":"B","pp":4.09456},"53.8":{"maxcombo":128,"statistics":{"count_100":141,"count_300":121,"count_50":101,"count_geki":75,"count_katu":223,"count_miss":98},"user_id":28033388,"score_id":469689392,"rank":"D","pp":0},"55.7":{"maxcombo":127,"statistics":{"count_100":124,"count_300":142,"count_50":99,"count_geki":65,"count_katu":237,"count_miss":92},"user_id":29968857,"score_id":491935442,"rank":"D","pp":0},"90.6":{"maxcombo":296,"statistics":{"count_100":17,"count_300":364,"count_50":17,"count_geki":256,"count_katu":89,"count_miss":16},"user_id":20338934,"score_id":467465275,"rank":"A","pp":11.3992},"87.7":{"maxcombo":372,"statistics":{"count_100":42,"count_300":357,"count_50":12,"count_geki":210,"count_katu":124,"count_miss":14},"user_id":15971429,"score_id":361116704,"rank":"B","pp":6.37227}}