{"66.5":{"maxcombo":172,"statistics":{"count_100":105,"count_300":109,"count_50":13,"count_geki":78,"count_katu":189,"count_miss":32},"user_id":23803219,"score_id":428561736,"rank":"D","pp":0},"84.7":{"maxcombo":274,"statistics":{"count_100":25,"count_300":165,"count_50":6,"count_geki":188,"count_katu":121,"count_miss":18},"user_id":23690483,"score_id":431142029,"rank":"B","pp":3.74142},"83.8":{"maxcombo":337,"statistics":{"count_100":30,"count_300":147,"count_50":0,"count_geki":184,"count_katu":146,"count_miss":16},"user_id":29529032,"score_id":489641799,"rank":"B","pp":1.74384},"95.6":{"maxcombo":884,"statistics":{"count_100":2,"count_300":174,"count_50":1,"count_geki":285,"count_katu":61,"count_miss":0},"user_id":30251660,"score_id":522711749,"rank":"S","pp":29.6426},"98.8":{"maxcombo":1040,"statistics":{"count_100":0,"count_300":154,"count_50":0,"count_geki":354,"count_katu":18,"count_miss":0},"user_id":11554766,"score_id":431739167,"rank":"S","pp":42.2511},"98.2":{"maxcombo":1058,"statistics":{"count_100":1,"count_300":165,"count_50":0,"count_geki":335,"count_katu":25,"count_miss":0},"user_id":20291437,"score_id":423971453,"rank":"S","pp":40.3484}}