{"90.7":{"maxcombo":238,"statistics":{"count_100":14,"count_300":166,"count_50":0,"count_geki":145,"count_katu":67,"count_miss":5},"user_id":20107694,"score_id":462356548,"rank":"A","pp":5.43031},"95.2":{"maxcombo":286,"statistics":{"count_100":12,"count_300":163,"count_50":0,"count_geki":194,"count_katu":26,"count_miss":2},"user_id":16472247,"score_id":459410971,"rank":"S","pp":9.12858}}