{"84.7":{"maxcombo":1079,"statistics":{"count_100":40,"count_300":226,"count_50":13,"count_geki":132,"count_katu":135,"count_miss":1},"user_id":24733965,"score_id":463017750,"rank":"B","pp":1.12216},"90.5":{"maxcombo":440,"statistics":{"count_100":14,"count_300":246,"count_50":5,"count_geki":180,"count_katu":96,"count_miss":6},"user_id":24847186,"score_id":433874726,"rank":"A","pp":8.26928},"97.1":{"maxcombo":781,"statistics":{"count_100":2,"count_300":262,"count_50":0,"count_geki":244,"count_katu":37,"count_miss":2},"user_id":24164953,"score_id":461374982,"rank":"S","pp":16.4113},"99.3":{"maxcombo":822,"statistics":{"count_100":0,"count_300":232,"count_50":0,"count_geki":306,"count_katu":8,"count_miss":1},"user_id":23648435,"score_id":454249698,"rank":"S","pp":19.6871},"95.3":{"maxcombo":1320,"statistics":{"count_100":7,"count_300":320,"count_50":1,"count_geki":159,"count_katu":60,"count_miss":0},"user_id":27894714,"score_id":470675036,"rank":"S","pp":13.2642},"98.5":{"maxcombo":878,"statistics":{"count_100":2,"count_300":250,"count_50":0,"count_geki":277,"count_katu":17,"count_miss":1},"user_id":24595601,"score_id":482620588,"rank":"S","pp":18.4147}}