{"96":{"maxcombo":580,"statistics":{"count_100":2,"count_300":230,"count_50":1,"count_geki":165,"count_katu":43,"count_miss":1},"user_id":20323210,"score_id":434642631,"rank":"S","pp":12.1216},"90.4":{"maxcombo":453,"statistics":{"count_100":14,"count_300":208,"count_50":5,"count_geki":137,"count_katu":74,"count_miss":4},"user_id":29064624,"score_id":494293633,"rank":"A","pp":6.60738},"88.2":{"maxcombo":1196,"statistics":{"count_100":19,"count_300":199,"count_50":0,"count_geki":106,"count_katu":118,"count_miss":0},"user_id":19170726,"score_id":457452520,"rank":"B","pp":4.13429}}