{"98.3":{"maxcombo":996,"statistics":{"count_100":0,"count_300":183,"count_50":1,"count_geki":549,"count_katu":32,"count_miss":1},"user_id":24745003,"score_id":469339031,"rank":"S","pp":50.8926},"85.1":{"maxcombo":669,"statistics":{"count_100":84,"count_300":193,"count_50":2,"count_geki":321,"count_katu":165,"count_miss":1},"user_id":29610862,"score_id":491807114,"rank":"B","pp":7.48954},"84.8":{"maxcombo":291,"statistics":{"count_100":37,"count_300":230,"count_50":8,"count_geki":262,"count_katu":216,"count_miss":13},"user_id":18097016,"score_id":502762960,"rank":"B","pp":5.02783}}