{"87":{"maxcombo":312,"statistics":{"count_100":44,"count_300":322,"count_50":9,"count_geki":381,"count_katu":204,"count_miss":22},"user_id":16079075,"score_id":461648025,"rank":"B","pp":9.20506},"84.3":{"maxcombo":129,"statistics":{"count_100":20,"count_300":328,"count_50":11,"count_geki":339,"count_katu":229,"count_miss":55},"user_id":22883889,"score_id":503414177,"rank":"B","pp":2.76484},"95.2":{"maxcombo":1959,"statistics":{"count_100":11,"count_300":343,"count_50":0,"count_geki":492,"count_katu":115,"count_miss":0},"user_id":27651065,"score_id":476591532,"rank":"S","pp":29.1763}}