{"86.7":{"maxcombo":408,"statistics":{"count_100":33,"count_300":298,"count_50":12,"count_geki":134,"count_katu":112,"count_miss":10},"user_id":21962460,"score_id":430556032,"rank":"B","pp":1.99173},"95.2":{"maxcombo":1050,"statistics":{"count_100":10,"count_300":314,"count_50":5,"count_geki":219,"count_katu":50,"count_miss":1},"user_id":19529196,"score_id":386635030,"rank":"S","pp":8.43936},"90.9":{"maxcombo":1575,"statistics":{"count_100":25,"count_300":272,"count_50":2,"count_geki":192,"count_katu":108,"count_miss":0},"user_id":26656013,"score_id":458162574,"rank":"A","pp":5.28592},"96.6":{"maxcombo":1652,"statistics":{"count_100":2,"count_300":220,"count_50":0,"count_geki":322,"count_katu":54,"count_miss":1},"user_id":30809022,"score_id":517842777,"rank":"S","pp":10.1549}}