{"94":{"maxcombo":588,"statistics":{"count_100":14,"count_300":420,"count_50":3,"count_geki":516,"count_katu":145,"count_miss":6},"user_id":7699537,"score_id":468452357,"rank":"A","pp":58.3924},"97.7":{"maxcombo":1084,"statistics":{"count_100":0,"count_300":301,"count_50":0,"count_geki":454,"count_katu":54,"count_miss":0},"user_id":30735791,"score_id":512729954,"rank":"S","pp":49.7365},"85.8":{"maxcombo":504,"statistics":{"count_100":55,"count_300":225,"count_50":1,"count_geki":320,"count_katu":196,"count_miss":12},"user_id":24202845,"score_id":536816683,"rank":"B","pp":9.55576},"97.2":{"maxcombo":1079,"statistics":{"count_100":5,"count_300":209,"count_50":0,"count_geki":539,"count_katu":56,"count_miss":0},"user_id":21761220,"score_id":492775190,"rank":"S","pp":50.3697},"98.6":{"maxcombo":1062,"statistics":{"count_100":0,"count_300":227,"count_50":0,"count_geki":549,"count_katu":33,"count_miss":0},"user_id":26413092,"score_id":487266020,"rank":"S","pp":54.8018},"78.5":{"maxcombo":63,"statistics":{"count_100":74,"count_300":318,"count_50":11,"count_geki":373,"count_katu":223,"count_miss":103},"user_id":31894178,"score_id":522856239,"rank":"C","pp":0},"84.5":{"maxcombo":675,"statistics":{"count_100":63,"count_300":215,"count_50":2,"count_geki":296,"count_katu":227,"count_miss":6},"user_id":29465312,"score_id":485392974,"rank":"B","pp":4.95896}}