{"85.3":{"maxcombo":206,"statistics":{"count_100":43,"count_300":340,"count_50":13,"count_geki":378,"count_katu":198,"count_miss":43},"user_id":20862916,"score_id":486258059,"rank":"B","pp":5.26001},"45.6":{"maxcombo":145,"statistics":{"count_100":360,"count_300":88,"count_50":142,"count_geki":50,"count_katu":252,"count_miss":92},"user_id":30469951,"score_id":498411513,"rank":"D","pp":0},"85.5":{"maxcombo":2279,"statistics":{"count_100":52,"count_300":346,"count_50":4,"count_geki":270,"count_katu":312,"count_miss":0},"user_id":21953639,"score_id":496448530,"rank":"B","pp":4.21613}}