{"92.4":{"maxcombo":414,"statistics":{"count_100":26,"count_300":468,"count_50":1,"count_geki":437,"count_katu":158,"count_miss":12},"user_id":13429518,"score_id":382743092,"rank":"A","pp":16.7558},"96.4":{"maxcombo":825,"statistics":{"count_100":5,"count_300":388,"count_50":1,"count_geki":604,"count_katu":103,"count_miss":1},"user_id":26298497,"score_id":529389603,"rank":"S","pp":25.2119},"85.3":{"maxcombo":498,"statistics":{"count_100":79,"count_300":416,"count_50":7,"count_geki":308,"count_katu":284,"count_miss":8},"user_id":32968428,"score_id":542893745,"rank":"B","pp":3.25926},"83.9":{"maxcombo":140,"statistics":{"count_100":64,"count_300":414,"count_50":17,"count_geki":320,"count_katu":250,"count_miss":37},"user_id":19433432,"score_id":385871960,"rank":"B","pp":0.899436},"97.8":{"maxcombo":1128,"statistics":{"count_100":0,"count_300":429,"count_50":0,"count_geki":606,"count_katu":65,"count_miss":2},"user_id":23619918,"score_id":460387783,"rank":"S","pp":27.6908},"91.8":{"maxcombo":488,"statistics":{"count_100":38,"count_300":494,"count_50":4,"count_geki":403,"count_katu":152,"count_miss":11},"user_id":8497186,"score_id":499154861,"rank":"A","pp":15.2395},"92.2":{"maxcombo":933,"statistics":{"count_100":23,"count_300":493,"count_50":1,"count_geki":380,"count_katu":203,"count_miss":2},"user_id":16003154,"score_id":431012808,"rank":"A","pp":15.7001},"85.2":{"maxcombo":201,"statistics":{"count_100":70,"count_300":407,"count_50":10,"count_geki":336,"count_katu":258,"count_miss":21},"user_id":13038574,"score_id":530232247,"rank":"B","pp":2.56476},"98.8":{"maxcombo":1463,"statistics":{"count_100":6,"count_300":357,"count_50":0,"count_geki":713,"count_katu":26,"count_miss":0},"user_id":30881970,"score_id":522288379,"rank":"S","pp":30.506}}