{"90.2":{"maxcombo":229,"statistics":{"count_100":25,"count_300":274,"count_50":4,"count_geki":167,"count_katu":72,"count_miss":10},"user_id":30894467,"score_id":507810357,"rank":"A","pp":6.10529},"89.1":{"maxcombo":198,"statistics":{"count_100":26,"count_300":225,"count_50":2,"count_geki":192,"count_katu":99,"count_miss":8},"user_id":31419457,"score_id":517597630,"rank":"B","pp":5.41077}}