{"97.5":{"maxcombo":568,"statistics":{"count_100":5,"count_300":291,"count_50":1,"count_geki":348,"count_katu":32,"count_miss":2},"user_id":15112892,"score_id":405620391,"rank":"S","pp":12.0365},"86.9":{"maxcombo":235,"statistics":{"count_100":37,"count_300":271,"count_50":1,"count_geki":216,"count_katu":136,"count_miss":18},"user_id":25950234,"score_id":476189542,"rank":"B","pp":2.85746},"99.5":{"maxcombo":1079,"statistics":{"count_100":0,"count_300":229,"count_50":0,"count_geki":440,"count_katu":10,"count_miss":0},"user_id":21264163,"score_id":527272558,"rank":"S","pp":14.2669},"92.2":{"maxcombo":376,"statistics":{"count_100":18,"count_300":272,"count_50":3,"count_geki":298,"count_katu":75,"count_miss":13},"user_id":25546886,"score_id":486262455,"rank":"A","pp":7.60601}}