{"83.9":{"maxcombo":127,"statistics":{"count_100":34,"count_300":159,"count_50":6,"count_geki":165,"count_katu":81,"count_miss":20},"user_id":21824825,"score_id":496460695,"rank":"B","pp":0.733979},"95.4":{"maxcombo":570,"statistics":{"count_100":4,"count_300":184,"count_50":0,"count_geki":226,"count_katu":49,"count_miss":2},"user_id":30430398,"score_id":511926712,"rank":"S","pp":10.0814},"86.9":{"maxcombo":220,"statistics":{"count_100":26,"count_300":196,"count_50":4,"count_geki":155,"count_katu":66,"count_miss":18},"user_id":29861360,"score_id":509390272,"rank":"B","pp":2.89273},"83.6":{"maxcombo":167,"statistics":{"count_100":29,"count_300":152,"count_50":15,"count_geki":177,"count_katu":72,"count_miss":20},"user_id":15563584,"score_id":464049019,"rank":"B","pp":0.67461},"91.7":{"maxcombo":165,"statistics":{"count_100":11,"count_300":178,"count_50":4,"count_geki":199,"count_katu":68,"count_miss":5},"user_id":24196666,"score_id":453159155,"rank":"A","pp":6.98356},"90.9":{"maxcombo":245,"statistics":{"count_100":13,"count_300":196,"count_50":3,"count_geki":170,"count_katu":78,"count_miss":5},"user_id":25940841,"score_id":528286896,"rank":"A","pp":6.04991}}