{"91.9":{"maxcombo":221,"statistics":{"count_100":29,"count_300":294,"count_50":4,"count_geki":316,"count_katu":92,"count_miss":6},"user_id":31288960,"score_id":516974316,"rank":"A","pp":14.7614},"83.6":{"maxcombo":131,"statistics":{"count_100":44,"count_300":263,"count_50":8,"count_geki":229,"count_katu":168,"count_miss":29},"user_id":31396753,"score_id":511850758,"rank":"B","pp":0.617726},"87.3":{"maxcombo":188,"statistics":{"count_100":31,"count_300":292,"count_50":4,"count_geki":245,"count_katu":149,"count_miss":20},"user_id":30097892,"score_id":493816006,"rank":"B","pp":6.57149},"96.3":{"maxcombo":880,"statistics":{"count_100":4,"count_300":246,"count_50":1,"count_geki":423,"count_katu":65,"count_miss":2},"user_id":18919855,"score_id":479195510,"rank":"S","pp":23.0002},"93.4":{"maxcombo":484,"statistics":{"count_100":7,"count_300":382,"count_50":1,"count_geki":229,"count_katu":119,"count_miss":3},"user_id":28352014,"score_id":541898805,"rank":"A","pp":15.8864},"85.1":{"maxcombo":196,"statistics":{"count_100":39,"count_300":272,"count_50":9,"count_geki":257,"count_katu":131,"count_miss":33},"user_id":20576403,"score_id":479457175,"rank":"B","pp":3.28015}}