{"94.5":{"maxcombo":282,"statistics":{"count_100":13,"count_300":390,"count_50":2,"count_geki":386,"count_katu":102,"count_miss":5},"user_id":32597498,"score_id":525094812,"rank":"A","pp":9.76039},"93.8":{"maxcombo":233,"statistics":{"count_100":16,"count_300":333,"count_50":2,"count_geki":448,"count_katu":84,"count_miss":15},"user_id":29187758,"score_id":496958331,"rank":"A","pp":9.59186},"93.7":{"maxcombo":418,"statistics":{"count_100":15,"count_300":352,"count_50":1,"count_geki":408,"count_katu":115,"count_miss":7},"user_id":29846350,"score_id":503931775,"rank":"A","pp":9.27586}}