{"91.7":{"maxcombo":104,"statistics":{"count_100":10,"count_300":185,"count_50":1,"count_geki":204,"count_katu":35,"count_miss":18},"user_id":29475567,"score_id":524699752,"rank":"A","pp":3.33612},"89.9":{"maxcombo":60,"statistics":{"count_100":5,"count_300":166,"count_50":1,"count_geki":225,"count_katu":22,"count_miss":34},"user_id":17399962,"score_id":482279569,"rank":"B","pp":2.79662}}