{"90.5":{"maxcombo":142,"statistics":{"count_100":5,"count_300":100,"count_50":1,"count_geki":406,"count_katu":11,"count_miss":46},"user_id":23361135,"score_id":544403297,"rank":"A","pp":9.8606},"91.2":{"maxcombo":183,"statistics":{"count_100":11,"count_300":245,"count_50":0,"count_geki":234,"count_katu":55,"count_miss":24},"user_id":34014789,"score_id":543515431,"rank":"A","pp":8.59077},"84.8":{"maxcombo":56,"statistics":{"count_100":17,"count_300":160,"count_50":4,"count_geki":286,"count_katu":46,"count_miss":56},"user_id":30621251,"score_id":502904577,"rank":"B","pp":2.87364}}