{"87.8":{"maxcombo":98,"statistics":{"count_100":14,"count_300":263,"count_50":7,"count_geki":161,"count_katu":64,"count_miss":29},"user_id":23009715,"score_id":469156802,"rank":"B","pp":9.19582},"85.1":{"maxcombo":203,"statistics":{"count_100":26,"count_300":191,"count_50":12,"count_geki":205,"count_katu":77,"count_miss":27},"user_id":18513894,"score_id":455988089,"rank":"B","pp":4.78964}}