{"86.4":{"maxcombo":162,"statistics":{"count_100":18,"count_300":212,"count_50":7,"count_geki":148,"count_katu":104,"count_miss":16},"user_id":32968428,"score_id":541686050,"rank":"B","pp":3.94407},"95.8":{"maxcombo":464,"statistics":{"count_100":7,"count_300":214,"count_50":0,"count_geki":239,"count_katu":43,"count_miss":2},"user_id":25463960,"score_id":545490561,"rank":"S","pp":17.6333},"97.8":{"maxcombo":702,"statistics":{"count_100":1,"count_300":278,"count_50":0,"count_geki":195,"count_katu":31,"count_miss":0},"user_id":33914239,"score_id":541713290,"rank":"S","pp":19.4392},"94.8":{"maxcombo":244,"statistics":{"count_100":4,"count_300":231,"count_50":3,"count_geki":211,"count_katu":53,"count_miss":3},"user_id":28352014,"score_id":542726640,"rank":"A","pp":15.9211},"89.8":{"maxcombo":294,"statistics":{"count_100":22,"count_300":200,"count_50":4,"count_geki":189,"count_katu":85,"count_miss":5},"user_id":16403693,"score_id":538396994,"rank":"B","pp":9.02962}}