{"95":{"maxcombo":868,"statistics":{"count_100":19,"count_300":364,"count_50":0,"count_geki":319,"count_katu":75,"count_miss":1},"user_id":24359738,"score_id":493259157,"rank":"S","pp":7.27867},"94.9":{"maxcombo":1116,"statistics":{"count_100":9,"count_300":333,"count_50":1,"count_geki":338,"count_katu":97,"count_miss":0},"user_id":30443005,"score_id":533751662,"rank":"A","pp":7.33638},"89.1":{"maxcombo":417,"statistics":{"count_100":29,"count_300":312,"count_50":8,"count_geki":265,"count_katu":158,"count_miss":6},"user_id":17578716,"score_id":452568884,"rank":"B","pp":3.54551}}