{"92":{"maxcombo":136,"statistics":{"count_100":22,"count_300":414,"count_50":5,"count_geki":430,"count_katu":120,"count_miss":22},"user_id":25333542,"score_id":442094638,"rank":"A","pp":15.8916},"96":{"maxcombo":1427,"statistics":{"count_100":11,"count_300":375,"count_50":2,"count_geki":533,"count_katu":91,"count_miss":1},"user_id":4996861,"score_id":221277132,"rank":"S","pp":23.6995},"99":{"maxcombo":1587,"statistics":{"count_100":1,"count_300":393,"count_50":0,"count_geki":593,"count_katu":26,"count_miss":0},"user_id":4764062,"score_id":190221773,"rank":"S","pp":29.4689},"100":{"maxcombo":1581,"statistics":{"count_100":0,"count_300":221,"count_50":0,"count_geki":792,"count_katu":0,"count_miss":0},"user_id":2458812,"score_id":170702195,"rank":"X","pp":33.1942},"99.8":{"maxcombo":1577,"statistics":{"count_100":0,"count_300":185,"count_50":0,"count_geki":824,"count_katu":4,"count_miss":0},"user_id":22004369,"score_id":406883588,"rank":"S","pp":33.3261},"99.1":{"maxcombo":1547,"statistics":{"count_100":0,"count_300":252,"count_50":1,"count_geki":737,"count_katu":23,"count_miss":0},"user_id":14429959,"score_id":440901745,"rank":"S","pp":31.1887},"98.9":{"maxcombo":1587,"statistics":{"count_100":1,"count_300":436,"count_50":0,"count_geki":546,"count_katu":30,"count_miss":0},"user_id":8824199,"score_id":220220674,"rank":"S","pp":28.7326},"96.6":{"maxcombo":855,"statistics":{"count_100":8,"count_300":381,"count_50":0,"count_geki":547,"count_katu":73,"count_miss":4},"user_id":22628221,"score_id":434469770,"rank":"S","pp":24.9523},"88.4":{"maxcombo":265,"statistics":{"count_100":48,"count_300":389,"count_50":2,"count_geki":375,"count_katu":174,"count_miss":25},"user_id":30760826,"score_id":508349620,"rank":"B","pp":9.38045},"88.2":{"maxcombo":353,"statistics":{"count_100":48,"count_300":408,"count_50":1,"count_geki":343,"count_katu":190,"count_miss":23},"user_id":18199708,"score_id":425723819,"rank":"B","pp":8.6167},"87.8":{"maxcombo":279,"statistics":{"count_100":51,"count_300":397,"count_50":7,"count_geki":341,"count_katu":200,"count_miss":17},"user_id":20294033,"score_id":474970699,"rank":"B","pp":7.88042}}