{"90.5":{"maxcombo":440,"statistics":{"count_100":24,"count_300":300,"count_50":10,"count_geki":270,"count_katu":112,"count_miss":7},"user_id":18402954,"score_id":378047624,"rank":"A","pp":7.87959},"94.8":{"maxcombo":292,"statistics":{"count_100":7,"count_300":312,"count_50":2,"count_geki":322,"count_katu":74,"count_miss":6},"user_id":19451847,"score_id":527084883,"rank":"A","pp":12.8791},"91.9":{"maxcombo":237,"statistics":{"count_100":11,"count_300":297,"count_50":4,"count_geki":313,"count_katu":76,"count_miss":22},"user_id":25765192,"score_id":447296354,"rank":"A","pp":9.80539},"97.7":{"maxcombo":938,"statistics":{"count_100":0,"count_300":358,"count_50":0,"count_geki":317,"count_katu":48,"count_miss":0},"user_id":32551268,"score_id":531166889,"rank":"SH","pp":15.8199}}