{"96":{"maxcombo":566,"statistics":{"count_100":147,"count_300":2150,"count_50":0,"count_geki":0,"count_katu":0,"count_miss":18},"user_id":5326467,"score_id":179015600,"rank":"A","pp":632.978},"64.5":{"maxcombo":147,"statistics":{"count_100":589,"count_300":1200,"count_50":0,"count_geki":0,"count_katu":0,"count_miss":526},"user_id":12203830,"score_id":148143857,"rank":"D","pp":7.02292},"63.6":{"maxcombo":235,"statistics":{"count_100":547,"count_300":1199,"count_50":0,"count_geki":0,"count_katu":0,"count_miss":569},"user_id":24288877,"score_id":168866590,"rank":"D","pp":6.19486}}