{"67.6":{"maxcombo":158,"statistics":{"count_100":276,"count_300":895,"count_50":0,"count_geki":5,"count_katu":2,"count_miss":357},"user_id":13233720,"score_id":150497203,"rank":"D","pp":6.13707},"77.9":{"maxcombo":157,"statistics":{"count_100":162,"count_300":1110,"count_50":0,"count_geki":18,"count_katu":1,"count_miss":256},"user_id":20561466,"score_id":158363782,"rank":"C","pp":21.5799},"65.4":{"maxcombo":146,"statistics":{"count_100":394,"count_300":803,"count_50":0,"count_geki":11,"count_katu":4,"count_miss":331},"user_id":10105719,"score_id":167453230,"rank":"D","pp":5.31826}}