{"42.9":{"maxcombo":32,"statistics":{"count_100":316,"count_300":420,"count_50":0,"count_geki":0,"count_katu":0,"count_miss":611},"user_id":17020358,"score_id":168660904,"rank":"D","pp":0.272781},"47.5":{"maxcombo":38,"statistics":{"count_100":405,"count_300":438,"count_50":0,"count_geki":0,"count_katu":0,"count_miss":504},"user_id":28356954,"score_id":173491578,"rank":"D","pp":0.642099}}