{"94.4":{"maxcombo":2090,"statistics":{"count_100":233,"count_300":1982,"count_50":0,"count_geki":0,"count_katu":0,"count_miss":7},"user_id":983349,"score_id":177917135,"rank":"B","pp":771.193},"36.2":{"maxcombo":245,"statistics":{"count_100":518,"count_300":546,"count_50":0,"count_geki":0,"count_katu":0,"count_miss":1158},"user_id":28445126,"score_id":178849623,"rank":"D","pp":0.074984},"30.4":{"maxcombo":116,"statistics":{"count_100":454,"count_300":450,"count_50":0,"count_geki":0,"count_katu":0,"count_miss":1318},"user_id":14848222,"score_id":179753446,"rank":"D","pp":0.018763}}