{"90.3":{"maxcombo":41,"statistics":{"count_100":100,"count_300":210,"count_50":395,"count_geki":37,"count_katu":39,"count_miss":36},"user_id":17822485,"score_id":195745703,"rank":"B","pp":0.906301},"96.1":{"maxcombo":80,"statistics":{"count_100":106,"count_300":230,"count_50":414,"count_geki":52,"count_katu":20,"count_miss":10},"user_id":16564015,"score_id":189775569,"rank":"A","pp":4.80008}}