{"93":{"maxcombo":95,"statistics":{"count_100":0,"count_300":780,"count_50":519,"count_geki":50,"count_katu":43,"count_miss":54},"user_id":22737155,"score_id":200199532,"rank":"B","pp":5.14479},"99.3":{"maxcombo":834,"statistics":{"count_100":0,"count_300":834,"count_50":553,"count_geki":85,"count_katu":9,"count_miss":0},"user_id":10158490,"score_id":212600456,"rank":"S","pp":217.279},"97.2":{"maxcombo":383,"statistics":{"count_100":0,"count_300":828,"count_50":530,"count_geki":79,"count_katu":32,"count_miss":6},"user_id":10777301,"score_id":201912315,"rank":"A","pp":86.4574},"94.6":{"maxcombo":102,"statistics":{"count_100":0,"count_300":795,"count_50":527,"count_geki":61,"count_katu":35,"count_miss":39},"user_id":16813605,"score_id":189383166,"rank":"A","pp":9.47143},"94.1":{"maxcombo":143,"statistics":{"count_100":0,"count_300":802,"count_50":513,"count_geki":60,"count_katu":49,"count_miss":32},"user_id":1064381,"score_id":185120813,"rank":"A","pp":14.9183}}