{"99.9":{"maxcombo":1242,"statistics":{"count_100":20,"count_300":1222,"count_50":715,"count_geki":163,"count_katu":1,"count_miss":0},"user_id":2363941,"score_id":198338109,"rank":"S","pp":213.852},"99.8":{"maxcombo":1165,"statistics":{"count_100":20,"count_300":1221,"count_50":714,"count_geki":162,"count_katu":2,"count_miss":1},"user_id":5663087,"score_id":193207591,"rank":"S","pp":195.977},"99.6":{"maxcombo":1242,"statistics":{"count_100":20,"count_300":1222,"count_50":709,"count_geki":163,"count_katu":7,"count_miss":0},"user_id":1992631,"score_id":204569854,"rank":"S","pp":210.271},"99.2":{"maxcombo":1079,"statistics":{"count_100":20,"count_300":1221,"count_50":702,"count_geki":162,"count_katu":14,"count_miss":1},"user_id":6522887,"score_id":189071858,"rank":"S","pp":178.179},"99.5":{"maxcombo":1184,"statistics":{"count_100":20,"count_300":1221,"count_50":709,"count_geki":162,"count_katu":7,"count_miss":1},"user_id":1013307,"score_id":198707692,"rank":"S","pp":195.754},"99.4":{"maxcombo":1242,"statistics":{"count_100":20,"count_300":1222,"count_50":706,"count_geki":163,"count_katu":10,"count_miss":0},"user_id":21118424,"score_id":213382260,"rank":"S","pp":208.498},"98.7":{"maxcombo":738,"statistics":{"count_100":20,"count_300":1218,"count_50":695,"count_geki":160,"count_katu":21,"count_miss":4},"user_id":14462830,"score_id":200904541,"rank":"S","pp":116.647},"98.8":{"maxcombo":842,"statistics":{"count_100":20,"count_300":1214,"count_50":701,"count_geki":155,"count_katu":15,"count_miss":8},"user_id":2097967,"score_id":192911191,"rank":"S","pp":115.408},"99.3":{"maxcombo":767,"statistics":{"count_100":20,"count_300":1221,"count_50":704,"count_geki":162,"count_katu":12,"count_miss":1},"user_id":2124878,"score_id":196029320,"rank":"S","pp":136.374},"98.6":{"maxcombo":821,"statistics":{"count_100":20,"count_300":1216,"count_50":695,"count_geki":159,"count_katu":21,"count_miss":6},"user_id":3617111,"score_id":199459843,"rank":"S","pp":118.843},"92.9":{"maxcombo":117,"statistics":{"count_100":19,"count_300":1144,"count_50":656,"count_geki":108,"count_katu":60,"count_miss":79},"user_id":7350956,"score_id":201587336,"rank":"B","pp":1.94833},"90.3":{"maxcombo":47,"statistics":{"count_100":20,"count_300":1106,"count_50":644,"count_geki":88,"count_katu":72,"count_miss":116},"user_id":15156226,"score_id":202189152,"rank":"B","pp":0.261891}}