{"99.6":{"maxcombo":1218,"statistics":{"count_100":26,"count_300":1395,"count_50":920,"count_geki":138,"count_katu":8,"count_miss":1},"user_id":10286018,"score_id":210154140,"rank":"S","pp":232.548},"99.3":{"maxcombo":1086,"statistics":{"count_100":26,"count_300":1392,"count_50":917,"count_geki":136,"count_katu":11,"count_miss":4},"user_id":6207237,"score_id":203296834,"rank":"S","pp":190.917},"99.1":{"maxcombo":847,"statistics":{"count_100":26,"count_300":1392,"count_50":913,"count_geki":136,"count_katu":15,"count_miss":4},"user_id":8579310,"score_id":211837568,"rank":"S","pp":155.021},"94.4":{"maxcombo":300,"statistics":{"count_100":26,"count_300":1336,"count_50":858,"count_geki":106,"count_katu":70,"count_miss":60},"user_id":30374980,"score_id":209229468,"rank":"A","pp":9.38552},"94.6":{"maxcombo":175,"statistics":{"count_100":26,"count_300":1322,"count_50":876,"count_geki":95,"count_katu":52,"count_miss":74},"user_id":11574707,"score_id":196959007,"rank":"A","pp":4.02065}}