{"100":{"maxcombo":1132,"statistics":{"count_100":58,"count_300":1074,"count_50":482,"count_geki":132,"count_katu":0,"count_miss":0},"user_id":10749706,"score_id":175020622,"rank":"X","pp":54.2737},"99.9":{"maxcombo":1132,"statistics":{"count_100":58,"count_300":1074,"count_50":481,"count_geki":132,"count_katu":1,"count_miss":0},"user_id":8352854,"score_id":181225423,"rank":"S","pp":54.089},"99.8":{"maxcombo":1132,"statistics":{"count_100":58,"count_300":1074,"count_50":480,"count_geki":132,"count_katu":2,"count_miss":0},"user_id":4606224,"score_id":145563130,"rank":"S","pp":53.9048},"97.4":{"maxcombo":111,"statistics":{"count_100":57,"count_300":1047,"count_50":469,"count_geki":108,"count_katu":13,"count_miss":28},"user_id":10771935,"score_id":189441008,"rank":"A","pp":3.13269},"98.6":{"maxcombo":260,"statistics":{"count_100":57,"count_300":1060,"count_50":475,"count_geki":119,"count_katu":7,"count_miss":15},"user_id":7540631,"score_id":155201990,"rank":"S","pp":9.82391},"99.7":{"maxcombo":1119,"statistics":{"count_100":58,"count_300":1073,"count_50":479,"count_geki":131,"count_katu":3,"count_miss":1},"user_id":8050537,"score_id":156178768,"rank":"S","pp":51.4542},"99.6":{"maxcombo":1132,"statistics":{"count_100":58,"count_300":1074,"count_50":477,"count_geki":132,"count_katu":5,"count_miss":0},"user_id":8183178,"score_id":158312407,"rank":"S","pp":53.3554},"99.5":{"maxcombo":1111,"statistics":{"count_100":58,"count_300":1072,"count_50":477,"count_geki":130,"count_katu":5,"count_miss":2},"user_id":4669350,"score_id":172906806,"rank":"S","pp":49.1184}}