{"87":{"maxcombo":249,"statistics":{"count_100":302,"count_300":2306,"count_50":834,"count_geki":301,"count_katu":49,"count_miss":461},"user_id":18889159,"score_id":207678077,"rank":"C","pp":0.00004},"97":{"maxcombo":422,"statistics":{"count_100":320,"count_300":2657,"count_50":858,"count_geki":403,"count_katu":25,"count_miss":92},"user_id":7384938,"score_id":190970361,"rank":"A","pp":8.43602},"99":{"maxcombo":1848,"statistics":{"count_100":326,"count_300":2704,"count_50":883,"count_geki":438,"count_katu":0,"count_miss":39},"user_id":1929336,"score_id":174296077,"rank":"S","pp":154.327},"100":{"maxcombo":3069,"statistics":{"count_100":326,"count_300":2743,"count_50":883,"count_geki":450,"count_katu":0,"count_miss":0},"user_id":5092777,"score_id":208469152,"rank":"X","pp":891.303},"99.9":{"maxcombo":3069,"statistics":{"count_100":326,"count_300":2743,"count_50":882,"count_geki":450,"count_katu":1,"count_miss":0},"user_id":186642,"score_id":199689854,"rank":"S","pp":890.064},"99.8":{"maxcombo":3069,"statistics":{"count_100":326,"count_300":2743,"count_50":879,"count_geki":450,"count_katu":4,"count_miss":0},"user_id":8840982,"score_id":180213272,"rank":"S","pp":886.353},"98.9":{"maxcombo":3069,"statistics":{"count_100":326,"count_300":2743,"count_50":843,"count_geki":450,"count_katu":40,"count_miss":0},"user_id":1565036,"score_id":211887245,"rank":"S","pp":842.803},"99.7":{"maxcombo":2959,"statistics":{"count_100":326,"count_300":2738,"count_50":880,"count_geki":449,"count_katu":3,"count_miss":5},"user_id":17405762,"score_id":209057710,"rank":"S","pp":735.127},"99.6":{"maxcombo":2719,"statistics":{"count_100":325,"count_300":2737,"count_50":878,"count_geki":447,"count_katu":5,"count_miss":7},"user_id":3515458,"score_id":204448859,"rank":"S","pp":642.826},"99.5":{"maxcombo":2511,"statistics":{"count_100":325,"count_300":2731,"count_50":879,"count_geki":444,"count_katu":4,"count_miss":13},"user_id":4050223,"score_id":176593127,"rank":"S","pp":498.932},"99.3":{"maxcombo":1677,"statistics":{"count_100":322,"count_300":2732,"count_50":871,"count_geki":442,"count_katu":12,"count_miss":15},"user_id":1800103,"score_id":180904809,"rank":"S","pp":301.646},"99.4":{"maxcombo":1890,"statistics":{"count_100":325,"count_300":2725,"count_50":882,"count_geki":441,"count_katu":1,"count_miss":19},"user_id":3957481,"score_id":174848933,"rank":"S","pp":329.717},"98.2":{"maxcombo":2935,"statistics":{"count_100":316,"count_300":2737,"count_50":831,"count_geki":438,"count_katu":52,"count_miss":16},"user_id":2958293,"score_id":195511948,"rank":"S","pp":480.181},"88.8":{"maxcombo":2981,"statistics":{"count_100":325,"count_300":2742,"count_50":445,"count_geki":448,"count_katu":438,"count_miss":2},"user_id":9852829,"score_id":212557020,"rank":"C","pp":428.073},"42.1":{"maxcombo":45,"statistics":{"count_100":160,"count_300":928,"count_50":576,"count_geki":37,"count_katu":307,"count_miss":1981},"user_id":6237768,"score_id":160229889,"rank":"D","pp":0},"99.1":{"maxcombo":809,"statistics":{"count_100":325,"count_300":2720,"count_50":874,"count_geki":433,"count_katu":9,"count_miss":24},"user_id":14479545,"score_id":211281279,"rank":"S","pp":141.02},"98.5":{"maxcombo":498,"statistics":{"count_100":320,"count_300":2702,"count_50":873,"count_geki":426,"count_katu":10,"count_miss":47},"user_id":10156468,"score_id":181135749,"rank":"S","pp":45.8967},"92.6":{"maxcombo":251,"statistics":{"count_100":305,"count_300":2508,"count_50":850,"count_geki":357,"count_katu":33,"count_miss":256},"user_id":28745955,"score_id":206823604,"rank":"B","pp":0.029281},"97.8":{"maxcombo":944,"statistics":{"count_100":322,"count_300":2679,"count_50":866,"count_geki":418,"count_katu":17,"count_miss":68},"user_id":26343733,"score_id":203998296,"rank":"A","pp":34.9295},"98.4":{"maxcombo":741,"statistics":{"count_100":322,"count_300":2693,"count_50":874,"count_geki":420,"count_katu":9,"count_miss":54},"user_id":4576480,"score_id":167384185,"rank":"S","pp":45.4794}}